{
  "precision": 0.8461538461538461,
  "recall": 0.9166666666666666,
  "f1": 0.88,
  "auc": 0.988425925925926,
  "n_samples": 48,
  "positive": 12,
  "negative": 36
}