{
  "precision": 1.0,
  "recall": 0.6666666666666666,
  "f1": 0.8,
  "auc": 0.9895833333333333,
  "n_samples": 24,
  "positive": 12,
  "negative": 12
}